{
  "Rhode Island": [
    "Rhode Island",
    "A-10"
  ],
  "Princeton": [
    "Princeton",
    "Ivy"
  ],
  "Kansas State": [
    "Arkansas State",
    "Sun Belt"
  ],
  "Arkansas State": [
    "Arkansas State",
    "Sun Belt"
  ],
  "East Texas A&M": [
    "East Texas A&M",
    "Southland"
  ],
  "Richmond": [
    "Richmond",
    "A-10"
  ],
  "San Diego State": [
    "San Diego State",
    "MWC"
  ],
  "Gardner-Webb": [
    "Gardner-Webb",
    "Big South"
  ],
  "Purdue": [
    "Purdue",
    "Big Ten"
  ],
  "North Texas": [
    "North Texas",
    "AAC"
  ],
  "Colorado State": [
    "Colorado State",
    "MWC"
  ],
  "Morgan State": [
    "Morgan State",
    "MEAC"
  ],
  "Austin Peay": [
    "Austin Peay",
    "A-Sun"
  ],
  "Chicago State": [
    "Chicago State",
    "NEC"
  ],
  "Jacksonville State": [
    "Jacksonville State",
    "CUSA"
  ],
  "Jacksonville": [
    "Jacksonville",
    "A-Sun"
  ],
  "Rice": [
    "Rice",
    "AAC"
  ],
  "Drexel": [
    "Drexel",
    "CAA"
  ],
  "Drake": [
    "Drake",
    "MVC"
  ],
  "Army": [
    "Army",
    "Patriot"
  ],
  "Idaho State": [
    "Idaho State",
    "Big Sky"
  ],
  "Mississippi Valley State": [
    "Mississippi Valley State",
    "SWAC"
  ],
  "Missouri State": [
    "Missouri State",
    "MVC"
  ],
  "Wright State": [
    "Wright State",
    "Horizon"
  ],
  "New Orleans": [
    "New Orleans",
    "Southland"
  ],
  "Northern Colorado": [
    "Northern Colorado",
    "Big Sky"
  ],
  "Winthrop": [
    "Winthrop",
    "Big South"
  ],
  "Cal State Northridge": [
    "Cal State Northridge",
    "Big West"
  ],
  "Radford": [
    "Radford",
    "Big South"
  ],
  "Marshall": [
    "Marshall",
    "Sun Belt"
  ],
  "Boston University": [
    "Boston University",
    "Patriot"
  ],
  "Texas": [
    "Texas",
    "SEC"
  ],
  "Ohio": [
    "Ohio",
    "MAC"
  ],
  "Nevada": [
    "Nevada",
    "MWC"
  ],
  "Sacred Heart": [
    "Sacred Heart",
    "MAAC"
  ],
  "Furman": [
    "Furman",
    "Southern"
  ],
  "Southeastern Louisiana": [
    "Southeastern Louisiana",
    "Southland"
  ],
  "Harvard": [
    "Harvard",
    "Ivy"
  ],
  "Creighton": [
    "Creighton",
    "Big East"
  ],
  "Western Kentucky": [
    "Eastern Kentucky",
    "A-Sun"
  ],
  "Eastern Kentucky": [
    "Eastern Kentucky",
    "A-Sun"
  ],
  "Cleveland State": [
    "Cleveland State",
    "Horizon"
  ],
  "Minnesota": [
    "Minnesota",
    "Big Ten"
  ],
  "Grand Canyon": [
    "Grand Canyon",
    "WAC"
  ],
  "Tennessee State": [
    "East Tennessee State",
    "Southern"
  ],
  "East Tennessee State": [
    "East Tennessee State",
    "Southern"
  ],
  "Auburn": [
    "Auburn",
    "SEC"
  ],
  "Louisville": [
    "Louisville",
    "ACC"
  ],
  "Coastal Carolina": [
    "Coastal Carolina",
    "Sun Belt"
  ],
  "Maryland-Eastern Shore": [
    "Maryland-Eastern Shore",
    "MEAC"
  ],
  "Maryland Eastern Shore": [
    "Maryland-Eastern Shore",
    "MEAC"
  ],
  "Indiana State": [
    "Indiana State",
    "MVC"
  ],
  "Arizona State": [
    "Arizona State",
    "Big 12"
  ],
  "Charlotte": [
    "Charlotte",
    "AAC"
  ],
  "Quinnipiac": [
    "Quinnipiac",
    "MAAC"
  ],
  "Bradley": [
    "Bradley",
    "MVC"
  ],
  "North Dakota State": [
    "South Dakota State",
    "Summit"
  ],
  "South Dakota State": [
    "South Dakota State",
    "Summit"
  ],
  "Texas Southern": [
    "Texas Southern",
    "SWAC"
  ],
  "Bethune-Cookman": [
    "Bethune-Cookman",
    "SWAC"
  ],
  "Murray State": [
    "Murray State",
    "MVC"
  ],
  "UTEP": [
    "UTEP",
    "CUSA"
  ],
  "Oral Roberts": [
    "Oral Roberts",
    "Summit"
  ],
  "St. Bonaventure": [
    "St. Bonaventure",
    "A-10"
  ],
  "Saint Bonaventure": [
    "St. Bonaventure",
    "A-10"
  ],
  "Howard": [
    "Howard",
    "MEAC"
  ],
  "Coppin State": [
    "Coppin State",
    "MEAC"
  ],
  "Ball State": [
    "Ball State",
    "MAC"
  ],
  "Northwestern State": [
    "Northwestern State",
    "Southland"
  ],
  "Saint Joseph's": [
    "Saint Joseph's",
    "A-10"
  ],
  "Iona": [
    "Iona",
    "MAAC"
  ],
  "Middle Tennessee": [
    "Middle Tennessee",
    "CUSA"
  ],
  "Stony Brook": [
    "Stony Brook",
    "CAA"
  ],
  "Texas A&M": [
    "Texas A&M",
    "SEC"
  ],
  "Longwood": [
    "Longwood",
    "Big South"
  ],
  "Appalachian State": [
    "Appalachian State",
    "Sun Belt"
  ],
  "Alabama A&M": [
    "Alabama A&M",
    "SWAC"
  ],
  "Lehigh": [
    "Lehigh",
    "Patriot"
  ],
  "Omaha": [
    "Omaha",
    "Summit"
  ],
  "West Virginia": [
    "West Virginia",
    "Big 12"
  ],
  "Seton Hall": [
    "Seton Hall",
    "Big East"
  ],
  "Wisconsin": [
    "Wisconsin",
    "Big Ten"
  ],
  "Alabama": [
    "Alabama",
    "SEC"
  ],
  "St. Francis (NY)": [
    "St. Francis (NY)",
    "Unknown"
  ],
  "Saint Francis (NY)": [
    "Saint Francis (PA)",
    "NEC"
  ],
  "Lafayette": [
    "Lafayette",
    "Patriot"
  ],
  "Northern Illinois": [
    "Southern Illinois",
    "MVC"
  ],
  "Southern Illinois": [
    "Southern Illinois",
    "MVC"
  ],
  "Florida A&M": [
    "Florida A&M",
    "SWAC"
  ],
  "UAB": [
    "UAB",
    "AAC"
  ],
  "Eastern Washington": [
    "Eastern Washington",
    "Big Sky"
  ],
  "Florida": [
    "Florida",
    "SEC"
  ],
  "Kansas": [
    "Arkansas",
    "SEC"
  ],
  "Arkansas": [
    "Arkansas",
    "SEC"
  ],
  "Tarleton State": [
    "Tarleton State",
    "WAC"
  ],
  "Butler": [
    "Butler",
    "Big East"
  ],
  "Pepperdine": [
    "Pepperdine",
    "WCC"
  ],
  "Utah State": [
    "Utah State",
    "MWC"
  ],
  "DePaul": [
    "DePaul",
    "Big East"
  ],
  "New Mexico State": [
    "New Mexico State",
    "CUSA"
  ],
  "Nebraska": [
    "Nebraska",
    "Big Ten"
  ],
  "Saint Peter's": [
    "Saint Peter's",
    "MAAC"
  ],
  "Mercer": [
    "Mercer",
    "Southern"
  ],
  "Davidson": [
    "Davidson",
    "A-10"
  ],
  "Old Dominion": [
    "Old Dominion",
    "Sun Belt"
  ],
  "Pacific": [
    "Pacific",
    "WCC"
  ],
  "Columbia": [
    "Columbia",
    "Ivy"
  ],
  "La Salle": [
    "La Salle",
    "A-10"
  ],
  "Tennessee": [
    "Tennessee",
    "SEC"
  ],
  "Cincinnati": [
    "Cincinnati",
    "Big 12"
  ],
  "North Alabama": [
    "North Alabama",
    "A-Sun"
  ],
  "UTSA": [
    "UTSA",
    "AAC"
  ],
  "UTA": [
    "Utah",
    "Big 12"
  ],
  "Gonzaga": [
    "Gonzaga",
    "WCC"
  ],
  "Southern Indiana": [
    "Southern Indiana",
    "OVC"
  ],
  "San Jose State": [
    "San Jose State",
    "MWC"
  ],
  "William & Mary": [
    "William & Mary",
    "CAA"
  ],
  "UC Santa Barbara": [
    "UC Santa Barbara",
    "Big West"
  ],
  "Morehead State": [
    "Morehead State",
    "OVC"
  ],
  "Arkansas-Pine Bluff": [
    "Arkansas-Pine Bluff",
    "SWAC"
  ],
  "Fairfield": [
    "Fairfield",
    "MAAC"
  ],
  "Montana State": [
    "Montana State",
    "Big Sky"
  ],
  "Tulane": [
    "Tulane",
    "AAC"
  ],
  "Ohio State": [
    "Ohio State",
    "Big Ten"
  ],
  "Akron": [
    "Akron",
    "MAC"
  ],
  "Indiana": [
    "Indiana",
    "Big Ten"
  ],
  "Charleston Southern": [
    "Charleston Southern",
    "Big South"
  ],
  "Elon": [
    "Elon",
    "CAA"
  ],
  "Norfolk State": [
    "Norfolk State",
    "MEAC"
  ],
  "Oklahoma": [
    "Oklahoma",
    "SEC"
  ],
  "Georgia Southern": [
    "Georgia Southern",
    "Sun Belt"
  ],
  "Air Force": [
    "Air Force",
    "MWC"
  ],
  "South Carolina Upstate": [
    "South Carolina State",
    "MEAC"
  ],
  "North Carolina State": [
    "South Carolina State",
    "MEAC"
  ],
  "South Carolina State": [
    "South Carolina State",
    "MEAC"
  ],
  "North Dakota": [
    "North Dakota",
    "Summit"
  ],
  "Northern Iowa": [
    "Northern Iowa",
    "MVC"
  ],
  "Monmouth": [
    "Monmouth",
    "CAA"
  ],
  "UCLA": [
    "UCLA",
    "Big Ten"
  ],
  "Northeastern": [
    "Northwestern",
    "Big Ten"
  ],
  "Northwestern": [
    "Northwestern",
    "Big Ten"
  ],
  "Duke": [
    "Duke",
    "ACC"
  ],
  "Temple": [
    "Temple",
    "AAC"
  ],
  "Purdue Fort Wayne": [
    "Purdue Fort Wayne",
    "Horizon"
  ],
  "Southern Utah": [
    "Southern Utah",
    "WAC"
  ],
  "Wofford": [
    "Wofford",
    "Southern"
  ],
  "Robert Morris": [
    "Robert Morris",
    "Horizon"
  ],
  "Lamar": [
    "Lamar",
    "Southland"
  ],
  "Marist": [
    "Marist",
    "MAAC"
  ],
  "Texas State": [
    "Texas State",
    "Sun Belt"
  ],
  "Boston College": [
    "Boston College",
    "ACC"
  ],
  "New Mexico": [
    "New Mexico",
    "MWC"
  ],
  "North Carolina Central": [
    "North Carolina Central",
    "MEAC"
  ],
  "High Point": [
    "High Point",
    "Big South"
  ],
  "Holy Cross": [
    "Holy Cross",
    "Patriot"
  ],
  "Evansville": [
    "Evansville",
    "MVC"
  ],
  "Illinois": [
    "Illinois",
    "Big Ten"
  ],
  "Xavier": [
    "Xavier",
    "Big East"
  ],
  "Georgia Tech": [
    "Georgia Tech",
    "ACC"
  ],
  "Vanderbilt": [
    "Vanderbilt",
    "SEC"
  ],
  "Sacramento State": [
    "Sacramento State",
    "Big Sky"
  ],
  "Boise State": [
    "Boise State",
    "MWC"
  ],
  "Arizona": [
    "Arizona",
    "Big 12"
  ],
  "Wyoming": [
    "Wyoming",
    "MWC"
  ],
  "Northern Arizona": [
    "Northern Arizona",
    "Big Sky"
  ],
  "Wichita State": [
    "Wichita State",
    "AAC"
  ],
  "UC Irvine": [
    "UC Irvine",
    "Big West"
  ],
  "Milwaukee": [
    "Milwaukee",
    "Horizon"
  ],
  "Niagara": [
    "Niagara",
    "MAAC"
  ],
  "Bellarmine": [
    "Bellarmine",
    "A-Sun"
  ],
  "Saint Louis": [
    "Saint Louis",
    "A-10"
  ],
  "Delaware State": [
    "Delaware State",
    "MEAC"
  ],
  "Long Beach State": [
    "Long Beach State",
    "Big West"
  ],
  "Santa Clara": [
    "Santa Clara",
    "WCC"
  ],
  "Portland": [
    "Portland",
    "WCC"
  ],
  "Cal Poly": [
    "Cal Poly",
    "Big West"
  ],
  "Belmont": [
    "Belmont",
    "MVC"
  ],
  "Idaho": [
    "Idaho",
    "Big Sky"
  ],
  "Michigan": [
    "Michigan",
    "Big Ten"
  ],
  "UNC Asheville": [
    "UNC Asheville",
    "Big South"
  ],
  "Eastern Michigan": [
    "Western Michigan",
    "MAC"
  ],
  "Western Michigan": [
    "Western Michigan",
    "MAC"
  ],
  "Central Connecticut State": [
    "Central Connecticut State",
    "NEC"
  ],
  "Central Connecticut": [
    "Central Connecticut State",
    "NEC"
  ],
  "Clemson": [
    "Clemson",
    "ACC"
  ],
  "Samford": [
    "Samford",
    "Southern"
  ],
  "Maine": [
    "Maine",
    "AEC"
  ],
  "Lindenwood": [
    "Lindenwood",
    "OVC"
  ],
  "George Washington": [
    "George Washington",
    "A-10"
  ],
  "Troy": [
    "Troy",
    "Sun Belt"
  ],
  "Iowa": [
    "Iowa",
    "Big Ten"
  ],
  "Kentucky": [
    "Kentucky",
    "SEC"
  ],
  "Campbell": [
    "Campbell",
    "CAA"
  ],
  "Northern Kentucky": [
    "Northern Kentucky",
    "Horizon"
  ],
  "Toledo": [
    "Toledo",
    "MAC"
  ],
  "Prairie View": [
    "Prairie View",
    "SWAC"
  ],
  "Prairie View A&M": [
    "Prairie View",
    "SWAC"
  ],
  "Georgetown": [
    "Georgetown",
    "Big East"
  ],
  "San Diego": [
    "UC San Diego",
    "Big West"
  ],
  "UC San Diego": [
    "UC San Diego",
    "Big West"
  ],
  "Lipscomb": [
    "Lipscomb",
    "A-Sun"
  ],
  "Bucknell": [
    "Bucknell",
    "Patriot"
  ],
  "American": [
    "American",
    "Patriot"
  ],
  "Merrimack": [
    "Merrimack",
    "MAAC"
  ],
  "California Baptist": [
    "California Baptist",
    "WAC"
  ],
  "Hartford": [
    "Hartford",
    "Unknown"
  ],
  "Maryland": [
    "Maryland",
    "Big Ten"
  ],
  "Abilene Christian": [
    "Abilene Christian",
    "WAC"
  ],
  "Portland State": [
    "Portland State",
    "Big Sky"
  ],
  "Chattanooga": [
    "Chattanooga",
    "Southern"
  ],
  "West Georgia": [
    "West Georgia",
    "A-Sun"
  ],
  "Notre Dame": [
    "Notre Dame",
    "ACC"
  ],
  "Delaware": [
    "Delaware",
    "CAA"
  ],
  "Kennesaw State": [
    "Kennesaw State",
    "CUSA"
  ],
  "Connecticut": [
    "Connecticut",
    "Big East"
  ],
  "Mississippi State": [
    "Mississippi State",
    "SEC"
  ],
  "Rutgers": [
    "Rutgers",
    "Big Ten"
  ],
  "Marquette": [
    "Marquette",
    "Big East"
  ],
  "Syracuse": [
    "Syracuse",
    "ACC"
  ],
  "North Florida": [
    "North Florida",
    "A-Sun"
  ],
  "James Madison": [
    "James Madison",
    "Sun Belt"
  ],
  "Liberty": [
    "Liberty",
    "CUSA"
  ],
  "New Hampshire": [
    "New Hampshire",
    "AEC"
  ],
  "Illinois State": [
    "Illinois State",
    "MVC"
  ],
  "South Alabama": [
    "South Alabama",
    "Sun Belt"
  ],
  "Alcorn State": [
    "Alcorn State",
    "SWAC"
  ],
  "Pittsburgh": [
    "Pittsburgh",
    "ACC"
  ],
  "Eastern Illinois": [
    "Western Illinois",
    "OVC"
  ],
  "Western Illinois": [
    "Western Illinois",
    "OVC"
  ],
  "Oregon State": [
    "Oregon State",
    "WCC"
  ],
  "Georgia": [
    "Georgia",
    "SEC"
  ],
  "Dartmouth": [
    "Dartmouth",
    "Ivy"
  ],
  "Weber State": [
    "Weber State",
    "Big Sky"
  ],
  "South Carolina": [
    "North Carolina",
    "ACC"
  ],
  "North Carolina": [
    "North Carolina",
    "ACC"
  ],
  "Navy": [
    "Navy",
    "Patriot"
  ],
  "George Mason": [
    "George Mason",
    "A-10"
  ],
  "Stetson": [
    "Stetson",
    "A-Sun"
  ],
  "Western Carolina": [
    "Western Carolina",
    "Southern"
  ],
  "Montana": [
    "Montana",
    "Big Sky"
  ],
  "California": [
    "California",
    "ACC"
  ],
  "Florida State": [
    "Florida State",
    "ACC"
  ],
  "Siena": [
    "Siena",
    "MAAC"
  ],
  "Oklahoma State": [
    "Oklahoma State",
    "Big 12"
  ],
  "Colorado": [
    "Colorado",
    "Big 12"
  ],
  "Cal State Fullerton": [
    "Cal State Fullerton",
    "Big West"
  ],
  "Stonehill": [
    "Stonehill",
    "NEC"
  ],
  "Wake Forest": [
    "Wake Forest",
    "ACC"
  ],
  "Utah Tech": [
    "Utah Tech",
    "WAC"
  ],
  "Miami (OH)": [
    "Miami (OH)",
    "MAC"
  ],
  "Central Arkansas": [
    "Central Arkansas",
    "A-Sun"
  ],
  "Central Michigan": [
    "Central Michigan",
    "MAC"
  ],
  "Fordham": [
    "Fordham",
    "A-10"
  ],
  "Washington": [
    "Washington",
    "Big Ten"
  ],
  "Southeast Missouri State": [
    "Southeast Missouri State",
    "OVC"
  ],
  "Southeast Missouri": [
    "Southeast Missouri State",
    "OVC"
  ],
  "UC Davis": [
    "UC Davis",
    "Big West"
  ],
  "Binghamton": [
    "Binghamton",
    "AEC"
  ],
  "Southern": [
    "Southern",
    "SWAC"
  ],
  "Buffalo": [
    "Buffalo",
    "MAC"
  ],
  "South Dakota": [
    "South Dakota",
    "Summit"
  ],
  "Houston Christian": [
    "Houston Christian",
    "Southland"
  ],
  "Saint Francis (PA)": [
    "Saint Francis (PA)",
    "NEC"
  ],
  "Houston": [
    "Houston",
    "Big 12"
  ],
  "Providence": [
    "Providence",
    "Big East"
  ],
  "Utah": [
    "Utah",
    "Big 12"
  ],
  "TCU": [
    "TCU",
    "Big 12"
  ],
  "Villanova": [
    "Villanova",
    "Big East"
  ],
  "Oakland": [
    "Oakland",
    "Horizon"
  ],
  "Colgate": [
    "Colgate",
    "Patriot"
  ],
  "Vermont": [
    "Vermont",
    "AEC"
  ],
  "Utah Valley": [
    "Utah Valley",
    "WAC"
  ],
  "Bryant": [
    "Bryant",
    "AEC"
  ],
  "Texas Tech": [
    "Texas Tech",
    "Big 12"
  ],
  "Georgia State": [
    "Georgia State",
    "Sun Belt"
  ],
  "Michigan State": [
    "Michigan State",
    "Big Ten"
  ],
  "Yale": [
    "Yale",
    "Ivy"
  ],
  "Louisiana Tech": [
    "Louisiana Tech",
    "CUSA"
  ],
  "Wagner": [
    "Wagner",
    "NEC"
  ],
  "Incarnate Word": [
    "Incarnate Word",
    "Southland"
  ],
  "Valparaiso": [
    "Valparaiso",
    "MVC"
  ],
  "Miami (FL)": [
    "Miami (FL)",
    "ACC"
  ],
  "Washington State": [
    "Washington State",
    "WCC"
  ],
  "Jackson State": [
    "Jackson State",
    "SWAC"
  ],
  "Tennessee Tech": [
    "Tennessee Tech",
    "OVC"
  ],
  "Canisius": [
    "Canisius",
    "MAAC"
  ],
  "Fresno State": [
    "Fresno State",
    "MWC"
  ],
  "Little Rock": [
    "Little Rock",
    "OVC"
  ],
  "Loyola Marymount": [
    "Loyola Marymount",
    "WCC"
  ],
  "Loyola-Marymount": [
    "Loyola Marymount",
    "WCC"
  ],
  "North Carolina A&T": [
    "North Carolina",
    "ACC"
  ],
  "Missouri": [
    "Missouri",
    "SEC"
  ],
  "Texas A&M-Corpus Christi": [
    "Texas A&M-Corpus Christi",
    "Southland"
  ],
  "Youngstown State": [
    "Youngstown State",
    "Horizon"
  ],
  "Le Moyne": [
    "Le Moyne",
    "NEC"
  ],
  "Manhattan": [
    "Manhattan",
    "MAAC"
  ],
  "Oregon": [
    "Oregon",
    "Big Ten"
  ],
  "Tennessee-Martin": [
    "Tennessee-Martin",
    "OVC"
  ],
  "Virginia Tech": [
    "Virginia Tech",
    "ACC"
  ],
  "Tulsa": [
    "Tulsa",
    "AAC"
  ],
  "Louisiana": [
    "Louisiana",
    "Sun Belt"
  ],
  "Rider": [
    "Rider",
    "MAAC"
  ],
  "East Carolina": [
    "East Carolina",
    "AAC"
  ],
  "Cornell": [
    "Cornell",
    "Ivy"
  ],
  "San Francisco": [
    "San Francisco",
    "WCC"
  ],
  "Hawaii": [
    "Hawaii",
    "Big West"
  ],
  "Duquesne": [
    "Duquesne",
    "A-10"
  ],
  "Baylor": [
    "Baylor",
    "Big 12"
  ],
  "Hofstra": [
    "Hofstra",
    "CAA"
  ],
  "Iowa State": [
    "Iowa State",
    "Big 12"
  ],
  "Kent State": [
    "Kent State",
    "MAC"
  ],
  "Towson": [
    "Towson",
    "CAA"
  ],
  "Dayton": [
    "Dayton",
    "A-10"
  ],
  "Penn State": [
    "Penn State",
    "Big Ten"
  ],
  "Virginia": [
    "Virginia",
    "ACC"
  ],
  "Hampton": [
    "Hampton",
    "CAA"
  ],
  "Mercyhurst": [
    "Mercyhurst",
    "NEC"
  ],
  "Alabama State": [
    "Alabama State",
    "SWAC"
  ],
  "South Florida": [
    "South Florida",
    "AAC"
  ],
  "Denver": [
    "Denver",
    "Summit"
  ],
  "Stanford": [
    "Stanford",
    "ACC"
  ],
  "Stephen F. Austin": [
    "Stephen F. Austin",
    "Southland"
  ],
  "Brown": [
    "Brown",
    "Ivy"
  ],
  "Mount St. Mary's": [
    "Mount St. Mary's",
    "MAAC"
  ],
  "Mount Saint Mary's": [
    "Mount St. Mary's",
    "MAAC"
  ],
  "Memphis": [
    "Memphis",
    "AAC"
  ],
  "UCF": [
    "UCF",
    "Big 12"
  ],
  "Cal State Bakersfield": [
    "Cal State Bakersfield",
    "Big West"
  ],
  "Green Bay": [
    "Green Bay",
    "Horizon"
  ],
  "UC Riverside": [
    "UC Riverside",
    "Big West"
  ],
  "NJIT": [
    "NJIT",
    "AEC"
  ],
  "Kansas City": [
    "Kansas City",
    "Summit"
  ],
  "ULM": [
    "ULM",
    "Unknown"
  ],
  "SIUE": [
    "SIUE",
    "Unknown"
  ],
  "IU Indianapolis": [
    "IU Indianapolis",
    "Unknown"
  ],
  "Seattle": [
    "Seattle",
    "WAC"
  ],
  "Bowling Green State": [
    "Bowling Green State",
    "MAC"
  ],
  "Charleston": [
    "Charleston",
    "Unknown"
  ],
  "Louisiana State": [
    "Louisiana State",
    "SEC"
  ],
  "Saint Mary's (CA)": [
    "Saint Mary's (CA)",
    "WCC"
  ],
  "Grambling State": [
    "Grambling State",
    "Unknown"
  ],
  "Saint John's": [
    "Saint John's",
    "Unknown"
  ],
  "Texas-Rio Grande Valley": [
    "Texas-Rio Grande Valley",
    "Southland"
  ],
  "Long Island": [
    "Long Island",
    "Unknown"
  ],
  "Seattle University": [
    "Seattle University",
    "Unknown"
  ],
  "UMKC": [
    "UMKC",
    "Unknown"
  ],
  "Loyola-Maryland": [
    "Loyola-Maryland",
    "Unknown"
  ],
  "UMass": [
    "UMass",
    "Unknown"
  ],
  "FIU": [
    "FIU",
    "Unknown"
  ],
  "LSU": [
    "LSU",
    "Unknown"
  ],
  "Dixie State": [
    "Dixie State",
    "Unknown"
  ],
  "VCU": [
    "VCU",
    "Unknown"
  ],
  "Mississippi": [
    "Mississippi",
    "SEC"
  ],
  "Nevada-Las Vegas": [
    "Nevada-Las Vegas",
    "MWC"
  ],
  "UT Arlington": [
    "UT Arlington",
    "WAC"
  ],
  "Southern Miss": [
    "Southern Miss",
    "Unknown"
  ],
  "BYU": [
    "BYU",
    "Unknown"
  ],
  "UNLV": [
    "UNLV",
    "Unknown"
  ],
  "St. John's (NY)": [
    "St. John's (NY)",
    "Big East"
  ],
  "Saint Thomas": [
    "Saint Thomas",
    "Unknown"
  ],
  "Houston Baptist": [
    "Houston Baptist",
    "Unknown"
  ],
  "Queens (NC)": [
    "Queens (NC)",
    "A-Sun"
  ],
  "UMass-Lowell": [
    "UMass-Lowell",
    "Unknown"
  ],
  "Long Island University": [
    "Long Island University",
    "NEC"
  ],
  "McNeese": [
    "McNeese",
    "Unknown"
  ],
  "SIU Edwardsville": [
    "SIU Edwardsville",
    "OVC"
  ],
  "Penn": [
    "Penn",
    "Unknown"
  ],
  "IUPUI": [
    "IUPUI",
    "Unknown"
  ],
  "Southern California": [
    "Southern California",
    "Big Ten"
  ],
  "Nicholls": [
    "Nicholls",
    "Unknown"
  ],
  "St. Thomas": [
    "St. Thomas",
    "Summit"
  ],
  "Ole Miss": [
    "Ole Miss",
    "Unknown"
  ],
  "Florida Atlantic": [
    "Florida Atlantic",
    "AAC"
  ],
  "Texas A&M-Commerce": [
    "Texas A&M-Commerce",
    "Unknown"
  ],
  "UIC": [
    "UIC",
    "Unknown"
  ],
  "Loyola (IL)": [
    "Loyola (IL)",
    "A-10"
  ],
  "UNCW": [
    "UNCW",
    "Unknown"
  ],
  "USC": [
    "USC",
    "Unknown"
  ],
  "Southern Mississippi": [
    "Southern Mississippi",
    "Sun Belt"
  ],
  "FAU": [
    "FAU",
    "Unknown"
  ],
  "Grambling": [
    "Grambling",
    "SWAC"
  ],
  "Presbyterian College": [
    "Presbyterian College",
    "Unknown"
  ],
  "Detroit Mercy": [
    "Detroit Mercy",
    "Horizon"
  ],
  "FDU": [
    "FDU",
    "NEC"
  ],
  "FGCU": [
    "FGCU",
    "Unknown"
  ],
  "Florida Gulf Coast": [
    "Florida Gulf Coast",
    "A-Sun"
  ],
  "Massachusetts-Lowell": [
    "Massachusetts-Lowell",
    "AEC"
  ],
  "Maryland-Baltimore County": [
    "Maryland-Baltimore County",
    "AEC"
  ],
  "Southern Methodist": [
    "Southern Methodist",
    "ACC"
  ],
  "Brigham Young": [
    "Brigham Young",
    "Big 12"
  ],
  "Louisiana-Monroe": [
    "Louisiana-Monroe",
    "Sun Belt"
  ],
  "UNC Greensboro": [
    "UNC Greensboro",
    "Southern"
  ],
  "UTRGV": [
    "UTRGV",
    "Unknown"
  ],
  "SMU": [
    "SMU",
    "Unknown"
  ],
  "Saint Mary's College": [
    "Saint Mary's College",
    "Unknown"
  ],
  "UNC Wilmington": [
    "UNC Wilmington",
    "CAA"
  ],
  "Florida International": [
    "Florida International",
    "CUSA"
  ],
  "Illinois-Chicago": [
    "Illinois-Chicago",
    "MVC"
  ],
  "Virginia Commonwealth": [
    "Virginia Commonwealth",
    "A-10"
  ],
  "Albany": [
    "Albany",
    "Unknown"
  ],
  "Massachusetts": [
    "Massachusetts",
    "A-10"
  ],
  "IU Indy": [
    "IU Indy",
    "Horizon"
  ],
  "Detroit": [
    "Detroit",
    "Unknown"
  ],
  "UNCG": [
    "UNCG",
    "Unknown"
  ],
  "McNeese State": [
    "McNeese State",
    "Southland"
  ],
  "Loyola-Chicago": [
    "Loyola-Chicago",
    "Unknown"
  ],
  "Queens": [
    "Queens",
    "Unknown"
  ],
  "Presbyterian": [
    "Presbyterian",
    "Big South"
  ],
  "NC State": [
    "NC State",
    "ACC"
  ],
  "College of Charleston": [
    "College of Charleston",
    "CAA"
  ],
  "Sam Houston": [
    "Sam Houston",
    "CUSA"
  ],
  "Pennsylvania": [
    "Pennsylvania",
    "Ivy"
  ],
  "Loyola (MD)": [
    "Loyola (MD)",
    "Patriot"
  ],
  "Fairleigh Dickinson": [
    "Fairleigh Dickinson",
    "Unknown"
  ],
  "Nicholls State": [
    "Nicholls State",
    "Southland"
  ],
  "UMBC": [
    "UMBC",
    "Unknown"
  ],
  "Bowling Green": [
    "Bowling Green",
    "Unknown"
  ],
  "Albany (NY)": [
    "Albany (NY)",
    "AEC"
  ],
  "Sam Houston State": [
    "Sam Houston State",
    "Unknown"
  ]
}